Scenario,Parameter,Algorithm,Samples,MeanMs,StdMs,HalfWidthMs,PowerSatisfied,ActualParameterMean
digits,1,I,8,170.212549,6.083968,4.215898,True,1.0
digits,1,Q,8,146.605615,3.076147,2.131622,True,1.0
digits,1,M,8,137.283493,4.868119,3.373372,True,1.0
digits,1,H,8,135.937008,4.18911,2.902852,True,1.0
digits,1,R,8,136.97991,5.786896,4.01004,True,1.0
digits,2,I,8,186.848572,12.445266,8.623971,True,2.0
digits,2,Q,8,146.366629,8.057992,5.583801,True,2.0
digits,2,M,8,141.357306,6.505237,4.507817,True,2.0
digits,2,H,8,145.325046,10.227842,7.087403,True,2.0
digits,2,R,8,146.937357,6.668422,4.620896,True,2.0
digits,3,I,12,174.453167,6.015349,3.403442,True,3.0
digits,3,Q,12,137.313472,6.536067,3.69806,True,3.0
digits,3,M,12,145.931377,12.12687,6.861296,True,3.0
digits,3,H,12,142.534952,8.70526,4.925374,True,3.0
digits,3,R,12,142.927076,6.900064,3.904007,True,3.0
digits,4,I,13,175.293689,8.849298,4.810445,True,4.0
digits,4,Q,13,146.186867,12.194641,6.628961,True,4.0
digits,4,M,13,148.513057,6.750777,3.669697,True,4.0
digits,4,H,13,144.282617,6.589158,3.581841,True,4.0
digits,4,R,13,152.411848,13.995335,7.607811,True,4.0
digits,5,I,8,178.434452,6.023208,4.173793,True,5.0
digits,5,Q,8,141.660767,4.49541,3.115103,True,5.0
digits,5,M,8,143.735024,4.373584,3.030683,True,5.0
digits,5,H,8,144.98188,6.004893,4.161102,True,5.0
digits,5,R,8,146.319374,2.996472,2.076411,True,5.0
digits,6,I,8,184.644567,8.847639,6.130989,True,6.0
digits,6,Q,8,148.423101,5.06908,3.512628,True,6.0
digits,6,M,8,147.990146,6.526809,4.522765,True,6.0
digits,6,H,8,149.228366,4.085925,2.831349,True,6.0
digits,6,R,8,155.964979,11.204062,7.763876,True,6.0
digits,7,I,9,176.474272,13.265004,8.66631,True,7.0
digits,7,Q,9,137.939506,4.23763,2.768534,True,7.0
digits,7,M,9,140.816978,4.997698,3.265103,True,7.0
digits,7,H,9,141.42689,7.554156,4.935291,True,7.0
digits,7,R,9,148.295419,4.113711,2.687575,True,7.0
digits,8,I,8,178.562273,5.813113,4.028208,True,8.0
digits,8,Q,8,141.861087,3.399449,2.355655,True,8.0
digits,8,M,8,140.640478,3.460051,2.397649,True,8.0
digits,8,H,8,140.644697,5.308299,3.678396,True,8.0
digits,8,R,8,150.698005,3.814353,2.643163,True,8.0
digits,9,I,11,174.914789,6.356295,3.756261,True,9.0
digits,9,Q,11,142.372371,11.440413,6.760728,True,9.0
digits,9,M,11,142.018524,7.747959,4.578667,True,9.0
digits,9,H,11,138.274468,3.014797,1.781599,True,9.0
digits,9,R,11,149.2872,3.907135,2.308927,True,9.0
duplicates,0.0,I,8,176.590322,6.942564,4.810863,True,0.0
duplicates,0.0,Q,8,139.150364,5.095982,3.531271,True,0.0
duplicates,0.0,M,8,143.723691,8.062406,5.58686,True,0.0
duplicates,0.0,H,8,141.894294,3.879247,2.688131,True,0.0
duplicates,0.0,R,8,150.354248,5.419481,3.75544,True,0.0
duplicates,0.01,I,16,175.60001,5.142811,2.519931,True,0.01
duplicates,0.01,Q,16,143.474064,7.793028,3.818514,True,0.01
duplicates,0.01,M,16,146.638462,14.257036,6.985819,True,0.01
duplicates,0.01,H,16,144.105489,9.490216,4.65012,True,0.01
duplicates,0.01,R,16,147.669956,5.842776,2.862908,True,0.01
duplicates,0.02,I,8,173.107833,4.767298,3.303508,True,0.02
duplicates,0.02,Q,8,141.210671,5.947267,4.12117,True,0.02
duplicates,0.02,M,8,139.283972,3.500998,2.426023,True,0.02
duplicates,0.02,H,8,140.679387,5.740302,3.977753,True,0.02
duplicates,0.02,R,8,150.347635,6.721781,4.657871,True,0.02
duplicates,0.03,I,8,178.161297,11.578571,8.023393,True,0.03
duplicates,0.03,Q,8,138.123395,3.255185,2.255687,True,0.03
duplicates,0.03,M,8,143.308169,7.09172,4.914221,True,0.03
duplicates,0.03,H,8,140.669053,4.544699,3.149258,True,0.03
duplicates,0.03,R,8,148.247388,3.429508,2.376484,True,0.03
duplicates,0.04,I,9,180.890386,13.219162,8.636361,True,0.04
duplicates,0.04,Q,9,140.733997,4.893173,3.196814,True,0.04
duplicates,0.04,M,9,145.235359,5.839433,3.815026,True,0.04
duplicates,0.04,H,9,143.789599,5.228995,3.416214,True,0.04
duplicates,0.04,R,9,147.156865,5.255717,3.433672,True,0.04
duplicates,0.05,I,10,174.264986,4.713444,2.921369,True,0.05
duplicates,0.05,Q,10,140.829545,2.819887,1.747752,True,0.05
duplicates,0.05,M,10,142.667926,3.035524,1.881403,True,0.05
duplicates,0.05,H,10,146.736239,11.329335,7.021865,True,0.05
duplicates,0.05,R,10,149.700788,4.186897,2.595018,True,0.05
duplicates,0.06,I,8,169.757707,5.765923,3.995507,True,0.06
duplicates,0.06,Q,8,137.333573,4.590586,3.181055,True,0.06
duplicates,0.06,M,8,140.59517,6.290354,4.358913,True,0.06
duplicates,0.06,H,8,141.365673,4.879036,3.380937,True,0.06
duplicates,0.06,R,8,146.376405,2.322487,1.609372,True,0.06
duplicates,0.07,I,8,182.582224,5.631144,3.902112,True,0.07
duplicates,0.07,Q,8,149.598814,4.459085,3.089931,True,0.07
duplicates,0.07,M,8,152.190599,3.437053,2.381713,True,0.07
duplicates,0.07,H,8,152.099349,6.719437,4.656247,True,0.07
duplicates,0.07,R,8,160.869546,9.836963,6.816542,True,0.07
duplicates,0.08,I,15,180.758687,11.903361,6.023821,True,0.08
duplicates,0.08,Q,15,144.130525,7.192546,3.639864,True,0.08
duplicates,0.08,M,15,147.085375,6.343165,3.210025,True,0.08
duplicates,0.08,H,15,146.904015,13.594916,6.87985,True,0.08
duplicates,0.08,R,15,151.285151,7.241071,3.66442,True,0.08
duplicates,0.09,I,8,175.438008,3.917819,2.71486,True,0.09
duplicates,0.09,Q,8,145.180496,8.44646,5.852991,True,0.09
duplicates,0.09,M,8,147.088685,9.937554,6.886247,True,0.09
duplicates,0.09,H,8,141.000033,3.536548,2.450658,True,0.09
duplicates,0.09,R,8,150.893228,7.457842,5.167926,True,0.09
duplicates,0.1,I,9,174.760069,6.335186,4.138912,True,0.1
duplicates,0.1,Q,9,138.816699,5.779146,3.775639,True,0.1
duplicates,0.1,M,9,143.904098,7.997052,5.224644,True,0.1
duplicates,0.1,H,9,144.862774,10.099435,6.598176,True,0.1
duplicates,0.1,R,9,149.655819,6.849014,4.474607,True,0.1
duplicates,0.11,I,8,179.213657,6.229657,4.316853,True,0.11
duplicates,0.11,Q,8,148.45867,9.01625,6.247828,True,0.11
duplicates,0.11,M,8,148.258663,7.679862,5.321775,True,0.11
duplicates,0.11,H,8,148.625707,6.959198,4.82239,True,0.11
duplicates,0.11,R,8,156.381893,9.461679,6.556488,True,0.11
duplicates,0.12,I,8,186.863889,7.751006,5.371075,True,0.12
duplicates,0.12,Q,8,152.449792,3.025133,2.096272,True,0.12
duplicates,0.12,M,8,157.474186,4.786783,3.31701,True,0.12
duplicates,0.12,H,8,156.090986,6.869317,4.760106,True,0.12
duplicates,0.12,R,8,164.477599,8.022194,5.558995,True,0.12
duplicates,0.13,I,11,185.672339,10.244851,6.054209,True,0.13
duplicates,0.13,Q,11,148.942421,7.177591,4.241607,True,0.13
duplicates,0.13,M,11,158.3972,12.714757,7.513803,True,0.13
duplicates,0.13,H,11,149.080917,8.270708,4.887586,True,0.13
duplicates,0.13,R,11,155.063492,7.373854,4.357589,True,0.13
duplicates,0.14,I,8,177.270779,4.427432,3.067997,True,0.14
duplicates,0.14,Q,8,142.83373,4.5527,3.154802,True,0.14
duplicates,0.14,M,8,144.391861,6.453847,4.472206,True,0.14
duplicates,0.14,H,8,144.492516,4.366439,3.025732,True,0.14
duplicates,0.14,R,8,149.761042,6.680293,4.629122,True,0.14
duplicates,0.15,I,8,171.186805,2.761676,1.913708,True,0.15
duplicates,0.15,Q,8,137.246353,2.265209,1.569681,True,0.15
duplicates,0.15,M,8,141.199395,3.539096,2.452423,True,0.15
duplicates,0.15,H,8,140.566149,5.005768,3.468756,True,0.15
duplicates,0.15,R,8,147.251102,5.68008,3.936023,True,0.15
duplicates,0.16,I,8,175.866886,12.263915,8.498303,True,0.16
duplicates,0.16,Q,8,140.533827,6.509662,4.510883,True,0.16
duplicates,0.16,M,8,141.868145,3.872226,2.683266,True,0.16
duplicates,0.16,H,8,136.390783,2.674406,1.853235,True,0.16
duplicates,0.16,R,8,146.441088,3.757977,2.604097,True,0.16
duplicates,0.17,I,8,171.395386,6.575054,4.556196,True,0.17
duplicates,0.17,Q,8,145.232566,8.021166,5.558283,True,0.17
duplicates,0.17,M,8,143.68296,7.324587,5.075587,True,0.17
duplicates,0.17,H,8,142.179578,5.717446,3.961915,True,0.17
duplicates,0.17,R,8,149.534421,6.56182,4.547026,True,0.17
duplicates,0.18,I,10,175.545858,7.162936,4.439552,True,0.18
duplicates,0.18,Q,10,145.254941,11.524356,7.142739,True,0.18
duplicates,0.18,M,10,145.619641,7.610946,4.717226,True,0.18
duplicates,0.18,H,10,144.541757,10.807608,6.698501,True,0.18
duplicates,0.18,R,10,148.632558,4.319395,2.677139,True,0.18
duplicates,0.19,I,9,179.470089,10.266096,6.70706,True,0.19
duplicates,0.19,Q,9,147.039313,8.074426,5.275195,True,0.19
duplicates,0.19,M,9,148.142067,6.459944,4.220419,True,0.19
duplicates,0.19,H,9,145.940313,10.042796,6.561173,True,0.19
duplicates,0.19,R,9,149.981056,5.230713,3.417336,True,0.19
duplicates,0.2,I,14,176.235288,7.509212,3.933494,True,0.2
duplicates,0.2,Q,14,147.096533,13.960555,7.312851,True,0.2
duplicates,0.2,M,14,146.684777,6.761116,3.541624,True,0.2
duplicates,0.2,H,14,148.722943,6.841547,3.583755,True,0.2
duplicates,0.2,R,14,155.173507,11.334135,5.937074,True,0.2
duplicates,0.21,I,8,176.051357,10.014605,6.93964,True,0.21
duplicates,0.21,Q,8,139.472962,2.630384,1.82273,True,0.21
duplicates,0.21,M,8,139.913795,2.989454,2.071548,True,0.21
duplicates,0.21,H,8,140.901813,2.956732,2.048873,True,0.21
duplicates,0.21,R,8,147.428902,4.561645,3.161001,True,0.21
duplicates,0.22,I,8,175.401978,3.660296,2.536409,True,0.22
duplicates,0.22,Q,8,142.833847,4.747384,3.289709,True,0.22
duplicates,0.22,M,8,142.709708,3.836766,2.658694,True,0.22
duplicates,0.22,H,8,145.056467,7.497174,5.195181,True,0.22
duplicates,0.22,R,8,150.278585,7.339754,5.086097,True,0.22
duplicates,0.23,I,8,180.436338,4.232338,2.932807,True,0.23
duplicates,0.23,Q,8,144.419166,4.055293,2.810123,True,0.23
duplicates,0.23,M,8,148.329445,5.494989,3.807763,True,0.23
duplicates,0.23,H,8,150.248374,4.999588,3.464474,True,0.23
duplicates,0.23,R,8,154.816037,6.015965,4.168775,True,0.23
duplicates,0.24,I,10,178.926792,14.408319,8.930204,True,0.24
duplicates,0.24,Q,10,142.351907,4.723712,2.927733,True,0.24
duplicates,0.24,M,10,145.659728,5.965482,3.697376,True,0.24
duplicates,0.24,H,10,143.037812,6.918612,4.288121,True,0.24
duplicates,0.24,R,10,156.771413,11.926801,7.392172,True,0.24
duplicates,0.25,I,8,172.478197,2.504917,1.735787,True,0.25
duplicates,0.25,Q,8,138.858441,2.825161,1.957701,True,0.25
duplicates,0.25,M,8,141.51925,3.495443,2.422174,True,0.25
duplicates,0.25,H,8,140.430821,4.72162,3.271856,True,0.25
duplicates,0.25,R,8,145.216826,3.187846,2.209024,True,0.25
duplicates,0.26,I,8,172.205225,3.533077,2.448253,True,0.26
duplicates,0.26,Q,8,136.628642,1.353726,0.938067,True,0.26
duplicates,0.26,M,8,139.413411,5.19931,3.602872,True,0.26
duplicates,0.26,H,8,142.390017,4.70725,3.261898,True,0.26
duplicates,0.26,R,8,149.354643,4.631414,3.209347,True,0.26
duplicates,0.27,I,8,178.278759,8.674616,6.011092,True,0.27
duplicates,0.27,Q,8,146.232706,7.167426,4.966682,True,0.27
duplicates,0.27,M,8,146.08903,5.888789,4.080648,True,0.27
duplicates,0.27,H,8,147.601247,7.802275,5.406601,True,0.27
duplicates,0.27,R,8,150.8915,7.397161,5.125877,True,0.27
duplicates,0.28,I,19,176.03744,9.453928,4.250926,True,0.28
duplicates,0.28,Q,19,142.867377,15.355002,6.904324,True,0.28
duplicates,0.28,M,19,142.251921,6.201234,2.788364,True,0.28
duplicates,0.28,H,19,142.686324,5.58757,2.512432,True,0.28
duplicates,0.28,R,19,148.627405,6.772897,3.04541,True,0.28
duplicates,0.29,I,8,171.254038,4.343009,3.009497,True,0.29
duplicates,0.29,Q,8,139.711824,1.451367,1.005728,True,0.29
duplicates,0.29,M,8,139.643766,4.411191,3.056743,True,0.29
duplicates,0.29,H,8,140.229696,5.097837,3.532556,True,0.29
duplicates,0.29,R,8,145.570289,2.264976,1.569519,True,0.29
duplicates,0.3,I,8,172.889249,4.542535,3.147758,True,0.3
duplicates,0.3,Q,8,140.290946,3.062004,2.121821,True,0.3
duplicates,0.3,M,8,141.96873,3.398665,2.355112,True,0.3
duplicates,0.3,H,8,140.994239,5.913044,4.097455,True,0.3
duplicates,0.3,R,8,149.457741,6.071788,4.207457,True,0.3
duplicates,0.31,I,8,180.720641,12.160486,8.426632,True,0.31
duplicates,0.31,Q,8,141.221684,6.084999,4.216612,True,0.31
duplicates,0.31,M,8,143.092821,3.964802,2.747417,True,0.31
duplicates,0.31,H,8,141.647637,3.829152,2.653418,True,0.31
duplicates,0.31,R,8,150.615371,5.360728,3.714727,True,0.31
duplicates,0.32,I,8,175.98447,3.050753,2.114025,True,0.32
duplicates,0.32,Q,8,140.853589,3.669334,2.542672,True,0.32
duplicates,0.32,M,8,142.01885,7.540089,5.224919,True,0.32
duplicates,0.32,H,8,142.080692,2.861152,1.982641,True,0.32
duplicates,0.32,R,8,148.711795,4.384726,3.038404,True,0.32
duplicates,0.33,I,8,171.999811,5.12455,3.551067,True,0.33
duplicates,0.33,Q,8,140.809588,4.519213,3.131597,True,0.33
duplicates,0.33,M,8,142.223196,4.542533,3.147757,True,0.33
duplicates,0.33,H,8,145.868038,5.82476,4.036279,True,0.33
duplicates,0.33,R,8,152.325186,7.394004,5.123689,True,0.33
duplicates,0.34,I,8,183.072496,11.270372,7.809826,True,0.34
duplicates,0.34,Q,8,142.360177,5.864039,4.063497,True,0.34
duplicates,0.34,M,8,143.045064,5.558896,3.852048,True,0.34
duplicates,0.34,H,8,149.159095,8.358795,5.792243,True,0.34
duplicates,0.34,R,8,153.853538,8.589646,5.952212,True,0.34
duplicates,0.35,I,8,186.094162,9.378892,6.499121,True,0.35
duplicates,0.35,Q,8,143.625867,8.921318,6.182044,True,0.35
duplicates,0.35,M,8,152.431556,8.888094,6.159021,True,0.35
duplicates,0.35,H,8,145.464095,7.011284,4.858483,True,0.35
duplicates,0.35,R,8,154.674031,4.206694,2.915037,True,0.35
duplicates,0.36,I,8,181.534265,5.825139,4.036541,True,0.36
duplicates,0.36,Q,8,148.161708,4.678928,3.242272,True,0.36
duplicates,0.36,M,8,151.030377,5.887546,4.079786,True,0.36
duplicates,0.36,H,8,148.577504,5.556337,3.850275,True,0.36
duplicates,0.36,R,8,154.522108,4.278073,2.964499,True,0.36
duplicates,0.37,I,8,186.081377,11.372994,7.880938,True,0.37
duplicates,0.37,Q,8,145.679953,6.890451,4.774751,True,0.37
duplicates,0.37,M,8,147.86352,7.917446,5.486409,True,0.37
duplicates,0.37,H,8,154.993536,8.489593,5.882879,True,0.37
duplicates,0.37,R,8,152.764104,6.811234,4.719858,True,0.37
duplicates,0.38,I,10,176.157769,6.228293,3.860265,True,0.38
duplicates,0.38,Q,10,143.909607,5.029341,3.117161,True,0.38
duplicates,0.38,M,10,149.919794,11.71365,7.260062,True,0.38
duplicates,0.38,H,10,139.705432,2.637389,1.634641,True,0.38
duplicates,0.38,R,10,149.05168,5.859204,3.631505,True,0.38
duplicates,0.39,I,8,172.073787,2.717832,1.883327,True,0.39
duplicates,0.39,Q,8,140.815393,4.850622,3.361247,True,0.39
duplicates,0.39,M,8,143.336525,5.235583,3.628007,True,0.39
duplicates,0.39,H,8,142.193509,6.109733,4.233751,True,0.39
duplicates,0.39,R,8,149.843224,6.059781,4.199137,True,0.39
duplicates,0.4,I,36,186.941916,26.455297,8.641905,True,0.4
duplicates,0.4,Q,36,148.569419,8.934774,2.918639,True,0.4
duplicates,0.4,M,36,150.091041,10.846871,3.543246,True,0.4
duplicates,0.4,H,36,148.714689,7.811177,2.551604,True,0.4
duplicates,0.4,R,36,160.292011,24.3694,7.960525,True,0.4
duplicates,0.41,I,40,180.676182,8.923893,2.765492,True,0.41
duplicates,0.41,Q,40,147.496302,10.012232,3.102766,True,0.41
duplicates,0.41,M,40,148.162772,11.745873,3.640017,True,0.41
duplicates,0.41,H,40,146.687432,9.739525,3.018255,True,0.41
duplicates,0.41,R,40,157.600686,32.41297,10.044699,False,0.41
duplicates,0.42,I,8,177.060241,7.459659,5.169185,True,0.42
duplicates,0.42,Q,8,143.331641,6.670056,4.622028,True,0.42
duplicates,0.42,M,8,145.013058,8.207072,5.687106,True,0.42
duplicates,0.42,H,8,142.057282,3.936193,2.727592,True,0.42
duplicates,0.42,R,8,149.335696,2.958444,2.050059,True,0.42
duplicates,0.43,I,9,178.402307,6.198449,4.049579,True,0.43
duplicates,0.43,Q,9,146.166261,11.012542,7.194729,True,0.43
duplicates,0.43,M,9,144.688525,6.73696,4.4014,True,0.43
duplicates,0.43,H,9,141.781397,3.780435,2.469839,True,0.43
duplicates,0.43,R,9,149.035624,6.643239,4.34017,True,0.43
duplicates,0.44,I,8,178.573286,4.141195,2.869649,True,0.44
duplicates,0.44,Q,8,142.249247,2.429141,1.683278,True,0.44
duplicates,0.44,M,8,143.797852,5.240994,3.631757,True,0.44
duplicates,0.44,H,8,140.441034,5.157105,3.573626,True,0.44
duplicates,0.44,R,8,148.217481,4.356397,3.018773,True,0.44
duplicates,0.45,I,8,176.874737,11.403662,7.902189,True,0.45
duplicates,0.45,Q,8,143.773947,8.343913,5.78193,True,0.45
duplicates,0.45,M,8,140.452154,2.723507,1.88726,True,0.45
duplicates,0.45,H,8,138.467523,1.411161,0.977866,True,0.45
duplicates,0.45,R,8,148.879968,5.171278,3.583447,True,0.45
duplicates,0.46,I,8,170.675169,3.261451,2.260029,True,0.46
duplicates,0.46,Q,8,138.484458,6.246839,4.328759,True,0.46
duplicates,0.46,M,8,142.717565,4.045784,2.803533,True,0.46
duplicates,0.46,H,8,140.034776,4.979695,3.450689,True,0.46
duplicates,0.46,R,8,147.528398,7.611879,5.274666,True,0.46
duplicates,0.47,I,8,173.037667,6.865492,4.757455,True,0.47
duplicates,0.47,Q,8,139.730048,2.806111,1.9445,True,0.47
duplicates,0.47,M,8,147.809032,9.455464,6.552182,True,0.47
duplicates,0.47,H,8,144.100776,6.097174,4.225048,True,0.47
duplicates,0.47,R,8,150.504311,5.284391,3.661829,True,0.47
duplicates,0.48,I,8,181.516296,8.087303,5.604112,True,0.48
duplicates,0.48,Q,8,153.279021,9.553,6.619769,True,0.48
duplicates,0.48,M,8,150.10357,4.563217,3.16209,True,0.48
duplicates,0.48,H,8,153.641909,4.878615,3.380645,True,0.48
duplicates,0.48,R,8,160.313925,8.792566,6.092826,True,0.48
duplicates,0.49,I,8,174.029676,3.665757,2.540193,True,0.49
duplicates,0.49,Q,8,142.536962,3.908433,2.708356,True,0.49
duplicates,0.49,M,8,143.332801,3.970344,2.751257,True,0.49
duplicates,0.49,H,8,140.338422,1.835219,1.271718,True,0.49
duplicates,0.49,R,8,150.870531,7.539447,5.224474,True,0.49
duplicates,0.5,I,8,173.778033,3.629117,2.514804,True,0.5
duplicates,0.5,Q,8,142.699905,7.974351,5.525842,True,0.5
duplicates,0.5,M,8,143.852471,4.294014,2.975545,True,0.5
duplicates,0.5,H,8,142.253446,9.211725,6.383282,True,0.5
duplicates,0.5,R,8,151.349139,4.90868,3.401479,True,0.5
duplicates,0.51,I,9,174.422921,4.678553,3.056598,True,0.51
duplicates,0.51,Q,9,146.275937,10.954096,7.156544,True,0.51
duplicates,0.51,M,9,144.696812,8.34198,5.449993,True,0.51
duplicates,0.51,H,9,142.116002,6.856088,4.479229,True,0.51
duplicates,0.51,R,9,147.16795,5.46402,3.569761,True,0.51
duplicates,0.52,I,12,173.588031,5.733545,3.243999,True,0.52
duplicates,0.52,Q,12,142.993268,12.224816,6.916713,True,0.52
duplicates,0.52,M,12,142.443099,6.076896,3.438264,True,0.52
duplicates,0.52,H,12,141.174383,4.86236,2.751089,True,0.52
duplicates,0.52,R,12,146.058533,2.943865,1.665618,True,0.52
duplicates,0.53,I,9,174.723535,4.061987,2.653783,True,0.53
duplicates,0.53,Q,9,141.43767,5.007331,3.271396,True,0.53
duplicates,0.53,M,9,147.743511,11.055455,7.222765,True,0.53
duplicates,0.53,H,9,144.960396,5.72596,3.740892,True,0.53
duplicates,0.53,R,9,151.857997,6.786978,4.434077,True,0.53
duplicates,0.54,I,8,175.240848,4.85899,3.367046,True,0.54
duplicates,0.54,Q,8,143.014527,6.560904,4.546391,True,0.54
duplicates,0.54,M,8,142.955596,7.624532,5.283434,True,0.54
duplicates,0.54,H,8,141.541022,4.250267,2.94523,True,0.54
duplicates,0.54,R,8,148.331665,3.193211,2.212742,True,0.54
duplicates,0.55,I,8,172.541408,4.629369,3.20793,True,0.55
duplicates,0.55,Q,8,138.910937,4.257207,2.95004,True,0.55
duplicates,0.55,M,8,140.600977,3.803371,2.635553,True,0.55
duplicates,0.55,H,8,140.31361,3.079621,2.134029,True,0.55
duplicates,0.55,R,8,147.968498,9.043729,6.266869,True,0.55
duplicates,0.56,I,8,180.222155,12.643353,8.761235,True,0.56
duplicates,0.56,Q,8,144.144495,4.790063,3.319283,True,0.56
duplicates,0.56,M,8,144.425366,6.220971,4.310834,True,0.56
duplicates,0.56,H,8,147.151797,8.072963,5.594175,True,0.56
duplicates,0.56,R,8,152.643969,6.224182,4.313059,True,0.56
duplicates,0.57,I,40,177.643721,8.459994,2.621731,True,0.57
duplicates,0.57,Q,40,149.36415,26.957029,8.353916,False,0.57
duplicates,0.57,M,40,145.633453,9.411956,2.916742,True,0.57
duplicates,0.57,H,40,147.161277,11.334117,3.512415,True,0.57
duplicates,0.57,R,40,151.490029,7.442089,2.306285,True,0.57
duplicates,0.58,I,8,173.02752,7.119801,4.93368,True,0.58
duplicates,0.58,Q,8,141.38284,8.143219,5.642859,True,0.58
duplicates,0.58,M,8,139.034233,3.155638,2.186706,True,0.58
duplicates,0.58,H,8,144.053364,9.606846,6.657082,True,0.58
duplicates,0.58,R,8,148.893689,8.055736,5.582237,True,0.58
duplicates,0.59,I,8,175.680124,5.018297,3.477439,True,0.59
duplicates,0.59,Q,8,142.375415,5.15643,3.573158,True,0.59
duplicates,0.59,M,8,144.576313,6.209828,4.303112,True,0.59
duplicates,0.59,H,8,140.367498,3.609886,2.501478,True,0.59
duplicates,0.59,R,8,150.775773,7.0748,4.902496,True,0.59
duplicates,0.6,I,10,178.307247,6.233658,3.86359,True,0.6
duplicates,0.6,Q,10,144.323201,3.506142,2.173089,True,0.6
duplicates,0.6,M,10,146.912944,5.676212,3.518088,True,0.6
duplicates,0.6,H,10,147.230053,5.71129,3.539829,True,0.6
duplicates,0.6,R,10,157.936277,12.333684,7.644356,True,0.6
duplicates,0.61,I,8,182.409097,5.239055,3.630413,True,0.61
duplicates,0.61,Q,8,148.59418,4.734479,3.280767,True,0.61
duplicates,0.61,M,8,143.855773,6.091394,4.221043,True,0.61
duplicates,0.61,H,8,147.807728,5.134696,3.558097,True,0.61
duplicates,0.61,R,8,153.815086,8.853039,6.13473,True,0.61
duplicates,0.62,I,9,175.541033,4.417322,2.885931,True,0.62
duplicates,0.62,Q,9,146.323327,6.501427,4.247521,True,0.62
duplicates,0.62,M,9,147.165223,10.900788,7.121717,True,0.62
duplicates,0.62,H,9,142.004316,4.276467,2.793907,True,0.62
duplicates,0.62,R,9,157.966178,8.604083,5.621231,True,0.62
duplicates,0.63,I,15,186.105294,9.442311,4.778381,True,0.63
duplicates,0.63,Q,15,150.272531,7.206403,3.646876,True,0.63
duplicates,0.63,M,15,158.730425,15.663631,7.926745,True,0.63
duplicates,0.63,H,15,151.341289,8.72536,4.41556,True,0.63
duplicates,0.63,R,15,161.618977,9.42112,4.767657,True,0.63
duplicates,0.64,I,8,179.014282,9.777394,6.775264,True,0.64
duplicates,0.64,Q,8,138.774544,4.731764,3.278885,True,0.64
duplicates,0.64,M,8,142.030116,4.193325,2.905773,True,0.64
duplicates,0.64,H,8,142.334883,4.553458,3.155327,True,0.64
duplicates,0.64,R,8,153.644497,10.409652,7.213389,True,0.64
duplicates,0.65,I,8,172.61687,3.480325,2.411698,True,0.65
duplicates,0.65,Q,8,139.415822,3.130966,2.169609,True,0.65
duplicates,0.65,M,8,142.213194,5.148957,3.56798,True,0.65
duplicates,0.65,H,8,140.977557,5.742789,3.979477,True,0.65
duplicates,0.65,R,8,145.719622,5.259395,3.644508,True,0.65
duplicates,0.66,I,8,174.208954,5.578905,3.865913,True,0.66
duplicates,0.66,Q,8,138.433362,3.559871,2.466819,True,0.66
duplicates,0.66,M,8,138.827185,3.822511,2.648816,True,0.66
duplicates,0.66,H,8,139.342683,3.19067,2.210981,True,0.66
duplicates,0.66,R,8,146.592192,4.453613,3.08614,True,0.66
duplicates,0.67,I,9,172.065292,5.122783,3.346824,True,0.67
duplicates,0.67,Q,9,141.305457,5.70277,3.725741,True,0.67
duplicates,0.67,M,9,141.175332,10.241717,6.691132,True,0.67
duplicates,0.67,H,9,140.517591,6.130199,4.00499,True,0.67
duplicates,0.67,R,9,147.221647,4.884457,3.19112,True,0.67
duplicates,0.68,I,40,181.758332,9.946646,3.082441,True,0.68
duplicates,0.68,Q,40,147.174003,7.558403,2.34233,True,0.68
duplicates,0.68,M,40,149.061069,8.460413,2.621861,True,0.68
duplicates,0.68,H,40,154.812589,29.903718,9.267088,False,0.68
duplicates,0.68,R,40,154.912613,10.444518,3.23673,True,0.68
duplicates,0.69,I,17,182.070473,9.671562,4.597484,True,0.69
duplicates,0.69,Q,17,149.523248,10.568179,5.023701,True,0.69
duplicates,0.69,M,17,151.968939,15.724329,7.474734,True,0.69
duplicates,0.69,H,17,146.995481,10.654857,5.064905,True,0.69
duplicates,0.69,R,17,158.636638,13.225839,6.287049,True,0.69
duplicates,0.7,I,13,175.350635,4.4011,2.392421,True,0.7
duplicates,0.7,Q,13,144.007092,5.986042,3.25399,True,0.7
duplicates,0.7,M,13,152.27665,13.195806,7.17319,True,0.7
duplicates,0.7,H,13,146.422427,9.570844,5.202675,True,0.7
duplicates,0.7,R,13,155.363773,9.503865,5.166265,True,0.7
duplicates,0.71,I,40,174.99167,6.21701,1.926636,True,0.71
duplicates,0.71,Q,40,142.417552,7.072124,2.191634,True,0.71
duplicates,0.71,M,40,144.591278,7.135604,2.211306,True,0.71
duplicates,0.71,H,40,142.53352,5.237844,1.623195,True,0.71
duplicates,0.71,R,40,154.703227,25.884274,8.021472,False,0.71
duplicates,0.72,I,8,171.42697,2.938875,2.036499,True,0.72
duplicates,0.72,Q,8,136.971681,1.955554,1.355105,True,0.72
duplicates,0.72,M,8,141.594993,3.361936,2.32966,True,0.72
duplicates,0.72,H,8,137.276823,3.21064,2.224819,True,0.72
duplicates,0.72,R,8,145.898865,2.139845,1.48281,True,0.72
duplicates,0.73,I,10,180.108328,7.711275,4.77941,True,0.73
duplicates,0.73,Q,10,139.158347,1.435221,0.889543,True,0.73
duplicates,0.73,M,10,144.42199,6.284416,3.89505,True,0.73
duplicates,0.73,H,10,143.653206,3.489035,2.162487,True,0.73
duplicates,0.73,R,10,153.12952,11.72553,7.267425,True,0.73
duplicates,0.74,I,8,179.249724,8.45244,5.857135,True,0.74
duplicates,0.74,Q,8,140.272556,4.877685,3.380001,True,0.74
duplicates,0.74,M,8,140.318488,3.39913,2.355434,True,0.74
duplicates,0.74,H,8,141.572845,6.321541,4.380524,True,0.74
duplicates,0.74,R,8,149.052192,5.634975,3.904767,True,0.74
duplicates,0.75,I,8,172.223606,5.9755,4.140734,True,0.75
duplicates,0.75,Q,8,139.405127,6.537168,4.529943,True,0.75
duplicates,0.75,M,8,139.525224,3.427636,2.375187,True,0.75
duplicates,0.75,H,8,139.271364,2.925754,2.027407,True,0.75
duplicates,0.75,R,8,146.997812,4.433441,3.072162,True,0.75
duplicates,0.76,I,10,171.352218,5.343143,3.311653,True,0.76
duplicates,0.76,Q,10,141.259947,4.179516,2.590443,True,0.76
duplicates,0.76,M,10,144.719833,11.537089,7.15063,True,0.76
duplicates,0.76,H,10,143.495619,9.187485,5.694358,True,0.76
duplicates,0.76,R,10,146.747655,3.684703,2.28376,True,0.76
duplicates,0.77,I,8,170.598954,4.097208,2.839168,True,0.77
duplicates,0.77,Q,8,141.354036,8.815303,6.108581,True,0.77
duplicates,0.77,M,8,143.543518,8.166661,5.659103,True,0.77
duplicates,0.77,H,8,139.722287,3.411429,2.363956,True,0.77
duplicates,0.77,R,8,145.461216,3.878083,2.687325,True,0.77
duplicates,0.78,I,8,177.790596,8.609973,5.966298,True,0.78
duplicates,0.78,Q,8,141.169428,2.892007,2.004022,True,0.78
duplicates,0.78,M,8,140.985711,3.231668,2.23939,True,0.78
duplicates,0.78,H,8,142.329343,4.845372,3.35761,True,0.78
duplicates,0.78,R,8,148.939101,5.813975,4.028805,True,0.78
duplicates,0.79,I,8,174.690287,5.789427,4.011795,True,0.79
duplicates,0.79,Q,8,143.283322,4.232224,2.932727,True,0.79
duplicates,0.79,M,8,140.709457,2.947625,2.042563,True,0.79
duplicates,0.79,H,8,144.100328,5.545045,3.84245,True,0.79
duplicates,0.79,R,8,146.635619,5.785801,4.009282,True,0.79
duplicates,0.8,I,9,177.738723,13.015719,8.503447,True,0.8
duplicates,0.8,Q,9,143.414374,9.641211,6.298809,True,0.8
duplicates,0.8,M,9,147.758788,7.981467,5.214462,True,0.8
duplicates,0.8,H,9,142.891352,8.757099,5.721199,True,0.8
duplicates,0.8,R,9,150.721234,6.884999,4.498117,True,0.8
duplicates,0.81,I,14,181.864674,16.602853,8.696946,True,0.81
duplicates,0.81,Q,14,142.780632,5.316978,2.785152,True,0.81
duplicates,0.81,M,14,146.835863,9.267411,4.854478,True,0.81
duplicates,0.81,H,14,147.660142,8.107371,4.246823,True,0.81
duplicates,0.81,R,14,153.407486,7.98048,4.180354,True,0.81
duplicates,0.82,I,8,175.792079,8.570064,5.938642,True,0.82
duplicates,0.82,Q,8,145.01417,4.63157,3.209455,True,0.82
duplicates,0.82,M,8,145.143193,1.936475,1.341884,True,0.82
duplicates,0.82,H,8,149.374943,6.515391,4.514853,True,0.82
duplicates,0.82,R,8,152.579285,6.782988,4.700285,True,0.82
duplicates,0.83,I,40,179.735952,9.228468,2.859879,True,0.83
duplicates,0.83,Q,40,151.209347,29.855229,9.252061,False,0.83
duplicates,0.83,M,40,150.28456,13.366923,4.142376,True,0.83
duplicates,0.83,H,40,148.903923,22.437345,6.953277,True,0.83
duplicates,0.83,R,40,153.605415,8.038067,2.490977,True,0.83
duplicates,0.84,I,8,177.930826,7.858924,5.445856,True,0.84
duplicates,0.84,Q,8,144.229769,4.742359,3.286227,True,0.84
duplicates,0.84,M,8,143.91109,3.370319,2.335469,True,0.84
duplicates,0.84,H,8,145.103912,4.059388,2.812961,True,0.84
duplicates,0.84,R,8,148.490888,2.741933,1.900028,True,0.84
duplicates,0.85,I,10,177.407505,8.135845,5.042556,True,0.85
duplicates,0.85,Q,10,141.773056,2.163305,1.340806,True,0.85
duplicates,0.85,M,10,146.640826,11.658735,7.226026,True,0.85
duplicates,0.85,H,10,144.326384,4.74361,2.940066,True,0.85
duplicates,0.85,R,10,148.811987,3.521913,2.182864,True,0.85
duplicates,0.86,I,12,174.387801,14.659582,8.294287,True,0.86
duplicates,0.86,Q,12,142.040284,6.249415,3.535874,True,0.86
duplicates,0.86,M,12,140.016847,4.669627,2.642042,True,0.86
duplicates,0.86,H,12,139.048205,3.231446,1.828329,True,0.86
duplicates,0.86,R,12,146.596441,3.029166,1.71388,True,0.86
duplicates,0.87,I,8,172.13194,3.676466,2.547614,True,0.87
duplicates,0.87,Q,8,139.977995,3.62795,2.513995,True,0.87
duplicates,0.87,M,8,140.908888,7.096948,4.917844,True,0.87
duplicates,0.87,H,8,143.891925,4.854789,3.364135,True,0.87
duplicates,0.87,R,8,146.485617,4.249333,2.944583,True,0.87
duplicates,0.88,I,10,179.92053,3.55164,2.201289,True,0.88
duplicates,0.88,Q,10,146.182076,11.296959,7.001799,True,0.88
duplicates,0.88,M,10,145.799507,8.35785,5.180154,True,0.88
duplicates,0.88,H,10,142.898119,2.587328,1.603613,True,0.88
duplicates,0.88,R,10,154.297309,10.877882,6.742057,True,0.88
duplicates,0.89,I,8,176.142043,5.264404,3.647979,True,0.89
duplicates,0.89,Q,8,143.741857,6.565067,4.549276,True,0.89
duplicates,0.89,M,8,143.744131,3.468693,2.403637,True,0.89
duplicates,0.89,H,8,139.971983,3.714788,2.574169,True,0.89
duplicates,0.89,R,8,152.25882,7.194335,4.985328,True,0.89
duplicates,0.9,I,8,181.080583,9.516037,6.594156,True,0.9
duplicates,0.9,Q,8,147.000925,6.842615,4.741603,True,0.9
duplicates,0.9,M,8,145.611909,5.716437,3.961216,True,0.9
duplicates,0.9,H,8,144.379957,4.417126,3.060856,True,0.9
duplicates,0.9,R,8,155.007196,9.71394,6.731293,True,0.9
duplicates,0.91,I,8,176.529288,5.572897,3.86175,True,0.91
duplicates,0.91,Q,8,142.462056,3.579946,2.480731,True,0.91
duplicates,0.91,M,8,145.829801,9.949639,6.894622,True,0.91
duplicates,0.91,H,8,149.833348,4.243341,2.940431,True,0.91
duplicates,0.91,R,8,151.393462,8.85071,6.133116,True,0.91
duplicates,0.92,I,8,182.214851,9.474662,6.565485,True,0.92
duplicates,0.92,Q,8,145.89162,8.606192,5.963678,True,0.92
duplicates,0.92,M,8,146.787922,7.483812,5.185922,True,0.92
duplicates,0.92,H,8,145.596469,5.437349,3.767822,True,0.92
duplicates,0.92,R,8,153.554621,4.674094,3.238922,True,0.92
duplicates,0.93,I,10,181.300064,11.121896,6.893296,True,0.93
duplicates,0.93,Q,10,149.298143,11.840503,7.338685,True,0.93
duplicates,0.93,M,10,149.138973,7.241212,4.488067,True,0.93
duplicates,0.93,H,10,148.679892,7.006371,4.342514,True,0.93
duplicates,0.93,R,10,156.233295,7.151488,4.432457,True,0.93
duplicates,0.94,I,8,174.20813,4.179026,2.895864,True,0.94
duplicates,0.94,Q,8,142.19626,6.049002,4.191668,True,0.94
duplicates,0.94,M,8,141.483849,1.418284,0.982803,True,0.94
duplicates,0.94,H,8,140.847459,3.002298,2.080448,True,0.94
duplicates,0.94,R,8,153.3294,9.147142,6.33853,True,0.94
duplicates,0.95,I,8,182.650116,9.723524,6.737934,True,0.95
duplicates,0.95,Q,8,149.361958,5.560559,3.8532,True,0.95
duplicates,0.95,M,8,155.271921,11.100976,7.692443,True,0.95
duplicates,0.95,H,8,147.047531,6.252371,4.332592,True,0.95
duplicates,0.95,R,8,154.828198,3.487035,2.416348,True,0.95
duplicates,0.96,I,29,180.656412,24.56415,8.940274,True,0.96
duplicates,0.96,Q,29,144.659599,6.675415,2.429558,True,0.96
duplicates,0.96,M,29,145.667785,5.458898,1.9868,True,0.96
duplicates,0.96,H,29,144.725063,5.281196,1.922124,True,0.96
duplicates,0.96,R,29,151.968013,8.234283,2.996918,True,0.96
duplicates,0.97,I,8,176.534751,8.288948,5.743842,True,0.97
duplicates,0.97,Q,8,144.894612,5.954171,4.125954,True,0.97
duplicates,0.97,M,8,143.402885,6.894657,4.777666,True,0.97
duplicates,0.97,H,8,143.154854,6.752449,4.679122,True,0.97
duplicates,0.97,R,8,149.948686,4.859457,3.36737,True,0.97
duplicates,0.98,I,14,170.550176,7.143912,3.742141,True,0.98
duplicates,0.98,Q,14,145.206762,13.503633,7.073505,True,0.98
duplicates,0.98,M,14,144.199379,7.974589,4.177268,True,0.98
duplicates,0.98,H,14,140.638573,3.638501,1.905929,True,0.98
duplicates,0.98,R,14,144.784109,3.003805,1.57346,True,0.98
duplicates,0.99,I,8,172.56079,4.43357,3.072251,True,0.99
duplicates,0.99,Q,8,143.269427,2.962073,2.052574,True,0.99
duplicates,0.99,M,8,141.225016,4.60588,3.191654,True,0.99
duplicates,0.99,H,8,145.566439,6.245184,4.327612,True,0.99
duplicates,0.99,R,8,150.033264,6.881418,4.768492,True,0.99
duplicates,1.0,I,8,140.507299,3.709112,2.570236,True,0.9999
duplicates,1.0,Q,8,175.681104,12.036301,8.340578,True,0.9999
duplicates,1.0,M,8,145.700261,4.733163,3.279854,True,0.9999
duplicates,1.0,H,8,142.244391,8.302654,5.75334,True,0.9999
duplicates,1.0,R,8,153.949585,6.883384,4.769854,True,0.9999
sortedness,0.0,I,8,213.313331,10.122891,7.014677,True,0.0
sortedness,0.0,Q,8,201.332123,6.627841,4.592775,True,0.0
sortedness,0.0,M,8,144.645949,6.691913,4.637174,True,0.0
sortedness,0.0,H,8,145.485572,3.862066,2.676226,True,0.0
sortedness,0.0,R,8,152.463567,3.237944,2.24374,True,0.0
sortedness,0.01,I,8,206.358128,6.694871,4.639223,True,0.010112
sortedness,0.01,Q,8,203.675159,7.934282,5.498076,True,0.010112
sortedness,0.01,M,8,142.841308,9.511434,6.590966,True,0.010112
sortedness,0.01,H,8,144.865572,4.004596,2.774993,True,0.010112
sortedness,0.01,R,8,152.525561,6.978618,4.835847,True,0.010112
sortedness,0.02,I,8,202.7536,3.420591,2.370305,True,0.0198
sortedness,0.02,Q,8,203.677788,7.328323,5.078175,True,0.0198
sortedness,0.02,M,8,140.450819,4.301905,2.981013,True,0.0198
sortedness,0.02,H,8,141.052466,8.979416,6.222303,True,0.0198
sortedness,0.02,R,8,152.213123,5.080188,3.520326,True,0.0198
sortedness,0.03,I,8,215.632175,10.841802,7.512847,True,0.029162
sortedness,0.03,Q,8,203.360149,4.649595,3.221946,True,0.029162
sortedness,0.03,M,8,149.026216,5.757481,3.989657,True,0.029162
sortedness,0.03,H,8,142.450039,2.988991,2.071227,True,0.029162
sortedness,0.03,R,8,150.895199,6.69358,4.638329,True,0.029162
sortedness,0.04,I,8,208.765727,6.028962,4.17778,True,0.04045
sortedness,0.04,Q,8,201.430572,6.377307,4.419167,True,0.04045
sortedness,0.04,M,8,142.360056,5.210253,3.610455,True,0.04045
sortedness,0.04,H,8,148.531027,7.563918,5.241431,True,0.04045
sortedness,0.04,R,8,155.438407,8.170186,5.661546,True,0.04045
sortedness,0.05,I,8,209.475777,6.481065,4.491066,True,0.049063
sortedness,0.05,Q,8,199.382614,5.501518,3.812287,True,0.049063
sortedness,0.05,M,8,141.277014,4.827082,3.344935,True,0.049063
sortedness,0.05,H,8,141.345311,4.941059,3.423917,True,0.049063
sortedness,0.05,R,8,149.198779,8.24074,5.710436,True,0.049063
sortedness,0.06,I,13,209.001668,6.168892,3.353386,True,0.0592
sortedness,0.06,Q,13,196.93064,7.143929,3.883413,True,0.0592
sortedness,0.06,M,13,149.016487,13.189653,7.169846,True,0.0592
sortedness,0.06,H,13,145.594311,8.393942,4.562915,True,0.0592
sortedness,0.06,R,13,154.916232,5.723246,3.111135,True,0.0592
sortedness,0.07,I,40,209.700246,8.14808,2.52507,True,0.069167
sortedness,0.07,Q,40,199.094076,9.392283,2.910645,True,0.069167
sortedness,0.07,M,40,149.371281,9.456719,2.930614,True,0.069167
sortedness,0.07,H,40,146.913195,7.106653,2.202334,True,0.069167
sortedness,0.07,R,40,157.820747,27.887362,8.642224,False,0.069167
sortedness,0.08,I,8,206.336438,4.789417,3.318836,True,0.080875
sortedness,0.08,Q,8,195.24349,3.392497,2.350838,True,0.080875
sortedness,0.08,M,8,141.457619,3.581237,2.481625,True,0.080875
sortedness,0.08,H,8,141.597648,2.955553,2.048056,True,0.080875
sortedness,0.08,R,8,148.395526,4.623504,3.203866,True,0.080875
sortedness,0.09,I,8,208.95611,6.537841,4.53041,True,0.08865
sortedness,0.09,Q,8,189.274146,5.392889,3.737013,True,0.08865
sortedness,0.09,M,8,142.80285,4.242692,2.939981,True,0.08865
sortedness,0.09,H,8,141.590227,5.06936,3.512823,True,0.08865
sortedness,0.09,R,8,147.768129,4.19558,2.907335,True,0.08865
sortedness,0.1,I,8,206.224487,4.463217,3.092795,True,0.10155
sortedness,0.1,Q,8,183.400841,4.018032,2.784303,True,0.10155
sortedness,0.1,M,8,139.265798,2.764927,1.915961,True,0.10155
sortedness,0.1,H,8,138.798976,2.070036,1.434435,True,0.10155
sortedness,0.1,R,8,146.350233,4.306101,2.983921,True,0.10155
sortedness,0.11,I,8,207.177997,2.827936,1.959624,True,0.110913
sortedness,0.11,Q,8,184.033742,5.937739,4.114568,True,0.110913
sortedness,0.11,M,8,141.992224,4.92297,3.411381,True,0.110913
sortedness,0.11,H,8,140.779465,4.594465,3.183743,True,0.110913
sortedness,0.11,R,8,147.521948,5.585671,3.870601,True,0.110913
sortedness,0.12,I,8,210.460014,4.015662,2.782661,True,0.1198
sortedness,0.12,Q,8,186.002481,4.22901,2.9305,True,0.1198
sortedness,0.12,M,8,140.100274,6.121566,4.241951,True,0.1198
sortedness,0.12,H,8,145.736966,7.879011,5.459776,True,0.1198
sortedness,0.12,R,8,148.887431,8.759802,6.070121,True,0.1198
sortedness,0.13,I,8,207.303258,6.687857,4.634363,True,0.129925
sortedness,0.13,Q,8,188.637139,7.452436,5.16418,True,0.129925
sortedness,0.13,M,8,141.351186,4.835878,3.351031,True,0.129925
sortedness,0.13,H,8,142.002275,1.930494,1.337739,True,0.129925
sortedness,0.13,R,8,152.171337,8.049076,5.577622,True,0.129925
sortedness,0.14,I,11,204.488311,5.559919,3.285642,True,0.140827
sortedness,0.14,Q,11,187.596677,15.713615,9.285982,True,0.140827
sortedness,0.14,M,11,142.245535,5.332985,3.151535,True,0.140827
sortedness,0.14,H,11,148.472689,11.10893,6.564838,True,0.140827
sortedness,0.14,R,11,152.504807,7.179897,4.24297,True,0.140827
sortedness,0.15,I,8,218.816779,9.35593,6.48321,True,0.148612
sortedness,0.15,Q,8,191.063172,8.104236,5.615846,True,0.148612
sortedness,0.15,M,8,157.88727,5.524126,3.827954,True,0.148612
sortedness,0.15,H,8,151.796087,4.706618,3.26146,True,0.148612
sortedness,0.15,R,8,162.997992,8.511888,5.898329,True,0.148612
sortedness,0.16,I,9,207.393918,9.545845,6.236504,True,0.160422
sortedness,0.16,Q,9,183.466533,6.83068,4.462629,True,0.160422
sortedness,0.16,M,9,145.715884,10.148707,6.630367,True,0.160422
sortedness,0.16,H,9,147.013391,7.592733,4.960495,True,0.160422
sortedness,0.16,R,9,156.026123,11.160883,7.291643,True,0.160422
sortedness,0.17,I,8,207.11595,5.497544,3.809534,True,0.168675
sortedness,0.17,Q,8,179.87373,7.136593,4.945316,True,0.168675
sortedness,0.17,M,8,148.497903,8.720774,6.043077,True,0.168675
sortedness,0.17,H,8,144.678824,4.201259,2.91127,True,0.168675
sortedness,0.17,R,8,151.845233,6.105061,4.230514,True,0.168675
sortedness,0.18,I,9,207.378381,8.329116,5.441589,True,0.180822
sortedness,0.18,Q,9,181.4292,6.148563,4.016987,True,0.180822
sortedness,0.18,M,9,150.757127,6.725429,4.393866,True,0.180822
sortedness,0.18,H,9,144.835164,4.965349,3.243969,True,0.180822
sortedness,0.18,R,9,154.176777,10.444783,6.823799,True,0.180822
sortedness,0.19,I,8,203.376386,3.332687,2.309392,True,0.19085
sortedness,0.19,Q,8,177.248828,6.422583,4.450541,True,0.19085
sortedness,0.19,M,8,139.544046,4.88375,3.384204,True,0.19085
sortedness,0.19,H,8,139.835271,4.292246,2.97432,True,0.19085
sortedness,0.19,R,8,147.972074,4.116767,2.852722,True,0.19085
sortedness,0.2,I,8,201.678741,2.421173,1.677756,True,0.200125
sortedness,0.2,Q,8,175.864639,11.8726,8.227141,True,0.200125
sortedness,0.2,M,8,140.551568,3.594392,2.490741,True,0.200125
sortedness,0.2,H,8,139.860329,1.018897,0.706047,True,0.200125
sortedness,0.2,R,8,144.938489,4.361638,3.022405,True,0.200125
sortedness,0.21,I,11,203.390706,4.716219,2.787056,True,0.211155
sortedness,0.21,Q,11,171.982213,5.337876,3.154425,True,0.211155
sortedness,0.21,M,11,146.258293,12.189111,7.203172,True,0.211155
sortedness,0.21,H,11,140.125798,2.365296,1.397775,True,0.211155
sortedness,0.21,R,11,153.317195,8.129182,4.803951,True,0.211155
sortedness,0.22,I,8,221.906651,15.194793,10.529261,True,0.22035
sortedness,0.22,Q,8,183.389457,5.147189,3.566754,True,0.22035
sortedness,0.22,M,8,148.307602,5.139173,3.561199,True,0.22035
sortedness,0.22,H,8,150.286776,8.877789,6.151881,True,0.22035
sortedness,0.22,R,8,157.559249,7.331324,5.080255,True,0.22035
sortedness,0.23,I,8,219.248423,12.456149,8.631513,True,0.230225
sortedness,0.23,Q,8,181.659182,12.519126,8.675152,True,0.230225
sortedness,0.23,M,8,153.799556,7.841588,5.433844,True,0.230225
sortedness,0.23,H,8,148.87561,7.873786,5.456155,True,0.230225
sortedness,0.23,R,8,157.729102,9.661409,6.694892,True,0.230225
sortedness,0.24,I,8,204.056474,2.994246,2.074869,True,0.238038
sortedness,0.24,Q,8,167.727624,5.285431,3.66255,True,0.238038
sortedness,0.24,M,8,138.310378,3.015989,2.089935,True,0.238038
sortedness,0.24,H,8,139.972163,3.535372,2.449843,True,0.238038
sortedness,0.24,R,8,148.031775,3.22983,2.238117,True,0.238038
sortedness,0.25,I,8,207.400026,5.625473,3.898182,True,0.252075
sortedness,0.25,Q,8,171.219965,9.050891,6.271832,True,0.252075
sortedness,0.25,M,8,140.064796,3.133015,2.171029,True,0.252075
sortedness,0.25,H,8,140.992676,3.545576,2.456914,True,0.252075
sortedness,0.25,R,8,149.420726,7.684596,5.325055,True,0.252075
sortedness,0.26,I,8,210.589796,6.17829,4.281258,True,0.262637
sortedness,0.26,Q,8,173.268775,7.312133,5.066956,True,0.262637
sortedness,0.26,M,8,145.171821,7.722556,5.35136,True,0.262637
sortedness,0.26,H,8,143.14376,4.931037,3.416971,True,0.262637
sortedness,0.26,R,8,156.502248,7.038298,4.877202,True,0.262637
sortedness,0.27,I,8,206.851317,6.832297,4.734453,True,0.274312
sortedness,0.27,Q,8,166.342655,4.954636,3.433325,True,0.274312
sortedness,0.27,M,8,142.774699,5.832512,4.04165,True,0.274312
sortedness,0.27,H,8,142.749332,2.73528,1.895418,True,0.274312
sortedness,0.27,R,8,148.855633,5.917132,4.100288,True,0.274312
sortedness,0.28,I,11,212.460681,17.899422,10.577688,True,0.279564
sortedness,0.28,Q,11,164.355569,6.164626,3.642994,True,0.279564
sortedness,0.28,M,11,142.89595,6.082081,3.594214,True,0.279564
sortedness,0.28,H,11,141.895352,7.5724,4.47492,True,0.279564
sortedness,0.28,R,11,153.18466,11.192745,6.614368,True,0.279564
sortedness,0.29,I,8,212.705521,7.540896,5.225478,True,0.291075
sortedness,0.29,Q,8,169.518953,7.083588,4.908586,True,0.291075
sortedness,0.29,M,8,143.976297,6.308885,4.371754,True,0.291075
sortedness,0.29,H,8,147.324197,6.525255,4.521688,True,0.291075
sortedness,0.29,R,8,155.730307,9.939895,6.887869,True,0.291075
sortedness,0.3,I,40,207.237177,8.236965,2.552615,True,0.300945
sortedness,0.3,Q,40,164.167708,7.031643,2.179089,True,0.300945
sortedness,0.3,M,40,142.513449,6.541082,2.027065,True,0.300945
sortedness,0.3,H,40,141.978592,4.119451,1.276608,True,0.300945
sortedness,0.3,R,40,153.671033,26.189944,8.116199,False,0.300945
sortedness,0.31,I,8,210.766436,14.440106,10.006299,True,0.311425
sortedness,0.31,Q,8,164.796575,5.548775,3.845034,True,0.311425
sortedness,0.31,M,8,146.257955,9.187765,6.36668,True,0.311425
sortedness,0.31,H,8,148.800737,6.606461,4.57796,True,0.311425
sortedness,0.31,R,8,154.079876,5.925918,4.106376,True,0.311425
sortedness,0.32,I,13,216.316314,7.273386,3.953785,True,0.319885
sortedness,0.32,Q,13,174.366942,15.591398,8.475425,True,0.319885
sortedness,0.32,M,13,152.165453,10.46336,5.687843,True,0.319885
sortedness,0.32,H,13,147.728064,5.180756,2.816239,True,0.319885
sortedness,0.32,R,13,155.562501,7.807756,4.244267,True,0.319885
sortedness,0.33,I,8,204.422586,6.739754,4.670326,True,0.330675
sortedness,0.33,Q,8,162.32787,8.216927,5.693935,True,0.330675
sortedness,0.33,M,8,141.85723,4.549287,3.152437,True,0.330675
sortedness,0.33,H,8,142.532123,5.291524,3.666772,True,0.330675
sortedness,0.33,R,8,149.460408,5.090509,3.527478,True,0.330675
sortedness,0.34,I,10,205.824272,5.011575,3.106149,True,0.34044
sortedness,0.34,Q,10,161.1217,12.213909,7.57012,True,0.34044
sortedness,0.34,M,10,147.139194,4.790577,2.969176,True,0.34044
sortedness,0.34,H,10,144.184345,4.608281,2.85619,True,0.34044
sortedness,0.34,R,10,151.76917,8.347244,5.173581,True,0.34044
sortedness,0.35,I,8,209.570176,10.623326,7.361454,True,0.349863
sortedness,0.35,Q,8,159.932184,6.878145,4.766224,True,0.349863
sortedness,0.35,M,8,148.211103,7.166663,4.966153,True,0.349863
sortedness,0.35,H,8,142.232528,3.422345,2.371521,True,0.349863
sortedness,0.35,R,8,153.493835,4.966863,3.441797,True,0.349863
sortedness,0.36,I,8,206.253846,3.864151,2.677671,True,0.361375
sortedness,0.36,Q,8,155.832277,3.684616,2.553262,True,0.361375
sortedness,0.36,M,8,140.75043,4.634251,3.211313,True,0.361375
sortedness,0.36,H,8,143.286806,6.607253,4.578508,True,0.361375
sortedness,0.36,R,8,147.904282,4.440701,3.077192,True,0.361375
sortedness,0.37,I,8,203.412169,5.406841,3.746681,True,0.369812
sortedness,0.37,Q,8,152.577015,5.078971,3.519483,True,0.369812
sortedness,0.37,M,8,139.008009,5.087093,3.525111,True,0.369812
sortedness,0.37,H,8,140.73756,2.996201,2.076223,True,0.369812
sortedness,0.37,R,8,146.104582,2.498364,1.731246,True,0.369812
sortedness,0.38,I,8,218.44465,12.901001,8.939774,True,0.378375
sortedness,0.38,Q,8,166.09609,9.490174,6.576234,True,0.378375
sortedness,0.38,M,8,151.902579,5.907377,4.093528,True,0.378375
sortedness,0.38,H,8,149.893067,4.108577,2.847046,True,0.378375
sortedness,0.38,R,8,158.870734,9.275724,6.427631,True,0.378375
sortedness,0.39,I,27,210.268832,8.26314,3.116817,True,0.389541
sortedness,0.39,Q,27,155.823233,7.719852,2.911891,True,0.389541
sortedness,0.39,M,27,146.526302,18.982174,7.159986,True,0.389541
sortedness,0.39,H,27,145.520393,10.238706,3.861991,True,0.389541
sortedness,0.39,R,27,150.874599,7.598542,2.866134,True,0.389541
sortedness,0.4,I,8,205.911926,4.942882,3.42518,True,0.399625
sortedness,0.4,Q,8,148.96647,4.609252,3.19399,True,0.399625
sortedness,0.4,M,8,141.766067,4.699372,3.256439,True,0.399625
sortedness,0.4,H,8,140.055511,6.407649,4.440193,True,0.399625
sortedness,0.4,R,8,143.832281,3.814148,2.643021,True,0.399625
sortedness,0.41,I,8,203.58645,3.907292,2.707565,True,0.41125
sortedness,0.41,Q,8,148.293322,2.769731,1.919291,True,0.41125
sortedness,0.41,M,8,138.683469,1.309223,0.907229,True,0.41125
sortedness,0.41,H,8,140.655129,4.903644,3.39799,True,0.41125
sortedness,0.41,R,8,147.135541,4.250509,2.945399,True,0.41125
sortedness,0.42,I,9,207.045001,5.213694,3.406218,True,0.416733
sortedness,0.42,Q,9,153.946273,5.893389,3.850277,True,0.416733
sortedness,0.42,M,9,146.342434,10.927567,7.139213,True,0.416733
sortedness,0.42,H,9,143.591511,5.383379,3.517076,True,0.416733
sortedness,0.42,R,9,151.557367,6.236274,4.074291,True,0.416733
sortedness,0.43,I,13,204.517572,3.821098,2.077134,True,0.433138
sortedness,0.43,Q,13,152.280376,13.525588,7.352458,True,0.433138
sortedness,0.43,M,13,145.262442,6.851124,3.724245,True,0.433138
sortedness,0.43,H,13,141.99538,4.024082,2.187476,True,0.433138
sortedness,0.43,R,13,146.628584,4.397865,2.390663,True,0.433138
sortedness,0.44,I,8,205.68995,9.974961,6.912168,True,0.4368
sortedness,0.44,Q,8,147.934458,3.713409,2.573214,True,0.4368
sortedness,0.44,M,8,138.829323,2.639345,1.828939,True,0.4368
sortedness,0.44,H,8,139.569811,4.498077,3.116951,True,0.4368
sortedness,0.44,R,8,147.460356,5.189111,3.595805,True,0.4368
sortedness,0.45,I,8,203.18262,5.345067,3.703875,True,0.450675
sortedness,0.45,Q,8,145.268597,2.352644,1.630269,True,0.450675
sortedness,0.45,M,8,138.847443,3.363715,2.330893,True,0.450675
sortedness,0.45,H,8,139.786016,2.556882,1.771796,True,0.450675
sortedness,0.45,R,8,145.152168,9.222413,6.390689,True,0.450675
sortedness,0.46,I,8,210.000993,11.437805,7.925849,True,0.463638
sortedness,0.46,Q,8,148.005145,6.839569,4.739492,True,0.463638
sortedness,0.46,M,8,140.776542,3.259017,2.258342,True,0.463638
sortedness,0.46,H,8,141.705851,5.931295,4.110102,True,0.463638
sortedness,0.46,R,8,146.645473,3.949309,2.736681,True,0.463638
sortedness,0.47,I,8,205.729495,6.344055,4.396125,True,0.469588
sortedness,0.47,Q,8,144.808055,3.35557,2.325249,True,0.469588
sortedness,0.47,M,8,144.031311,4.790289,3.31944,True,0.469588
sortedness,0.47,H,8,140.497172,4.687502,3.248214,True,0.469588
sortedness,0.47,R,8,149.427641,4.405092,3.052517,True,0.469588
sortedness,0.48,I,21,200.080108,5.751401,2.459869,True,0.480562
sortedness,0.48,Q,21,144.550277,7.142979,3.055046,True,0.480562
sortedness,0.48,M,21,141.777306,5.994181,2.563707,True,0.480562
sortedness,0.48,H,21,144.34907,10.110064,4.324066,True,0.480562
sortedness,0.48,R,21,153.64912,17.252126,7.378721,True,0.480562
sortedness,0.49,I,17,196.758569,14.899207,7.082504,True,0.492212
sortedness,0.49,Q,17,144.147474,6.643426,3.158026,True,0.492212
sortedness,0.49,M,17,145.33734,9.517112,4.524065,True,0.492212
sortedness,0.49,H,17,151.04347,15.692128,7.459427,True,0.492212
sortedness,0.49,R,17,151.057931,7.791243,3.703654,True,0.492212
sortedness,0.5,I,19,175.070583,18.730464,8.422089,True,0.501037
sortedness,0.5,Q,19,141.330716,4.246823,1.909569,True,0.501037
sortedness,0.5,M,19,140.133766,4.701939,2.114211,True,0.501037
sortedness,0.5,H,19,141.43178,5.829982,2.621431,True,0.501037
sortedness,0.5,R,19,147.354317,5.551076,2.496022,True,0.501037
sortedness,0.51,I,8,148.327341,5.779751,4.00509,True,0.513
sortedness,0.51,Q,8,151.143149,9.374457,6.496048,True,0.513
sortedness,0.51,M,8,139.855521,6.439282,4.462112,True,0.513
sortedness,0.51,H,8,142.068025,4.777242,3.310399,True,0.513
sortedness,0.51,R,8,149.076697,7.124985,4.937272,True,0.513
sortedness,0.52,I,20,155.265732,8.79954,3.856497,True,0.521225
sortedness,0.52,Q,20,158.630097,15.97977,7.003314,True,0.521225
sortedness,0.52,M,20,149.185366,13.119986,5.749982,True,0.521225
sortedness,0.52,H,20,155.353826,17.285477,7.575555,True,0.521225
sortedness,0.52,R,20,156.384685,10.400755,4.558248,True,0.521225
sortedness,0.53,I,9,149.603126,10.48871,6.852498,True,0.528678
sortedness,0.53,Q,9,151.879621,6.076938,3.970193,True,0.528678
sortedness,0.53,M,9,147.283901,6.705361,4.380756,True,0.528678
sortedness,0.53,H,9,142.718278,4.420971,2.888315,True,0.528678
sortedness,0.53,R,9,150.631254,7.898744,5.160418,True,0.528678
sortedness,0.54,I,16,148.115928,14.344574,7.028712,True,0.540725
sortedness,0.54,Q,16,157.664716,9.268941,4.541698,True,0.540725
sortedness,0.54,M,16,145.372219,5.868044,2.875289,True,0.540725
sortedness,0.54,H,16,145.566675,8.396271,4.114097,True,0.540725
sortedness,0.54,R,16,153.337672,11.104117,5.440917,True,0.540725
sortedness,0.55,I,13,146.099881,7.505773,4.08011,True,0.550631
sortedness,0.55,Q,13,157.761007,7.131895,3.876871,True,0.550631
sortedness,0.55,M,13,151.648631,13.721195,7.458789,True,0.550631
sortedness,0.55,H,13,146.301304,7.151031,3.887273,True,0.550631
sortedness,0.55,R,13,155.497394,10.537684,5.728245,True,0.550631
sortedness,0.56,I,8,151.242024,5.343705,3.702931,True,0.559125
sortedness,0.56,Q,8,173.378136,4.136783,2.866591,True,0.559125
sortedness,0.56,M,8,159.830284,4.98764,3.456195,True,0.559125
sortedness,0.56,H,8,159.475407,10.579169,7.330855,True,0.559125
sortedness,0.56,R,8,165.495528,4.312658,2.988464,True,0.559125
sortedness,0.57,I,25,148.455459,18.433698,7.225877,True,0.571488
sortedness,0.57,Q,25,164.54648,11.548486,4.526923,True,0.571488
sortedness,0.57,M,25,147.748734,8.535485,3.345849,True,0.571488
sortedness,0.57,H,25,146.63626,7.618376,2.986349,True,0.571488
sortedness,0.57,R,25,153.401812,7.906151,3.099154,True,0.571488
sortedness,0.58,I,21,145.801675,9.893535,4.231457,True,0.577086
sortedness,0.58,Q,21,162.925811,7.607458,3.253704,True,0.577086
sortedness,0.58,M,21,144.567317,7.322458,3.131809,True,0.577086
sortedness,0.58,H,21,149.24593,17.155786,7.337516,True,0.577086
sortedness,0.58,R,21,153.701448,9.548635,4.083944,True,0.577086
sortedness,0.59,I,8,140.497389,2.909885,2.01641,True,0.589613
sortedness,0.59,Q,8,164.5988,4.362323,3.02288,True,0.589613
sortedness,0.59,M,8,145.401031,6.154081,4.264482,True,0.589613
sortedness,0.59,H,8,143.62772,5.502622,3.813053,True,0.589613
sortedness,0.59,R,8,148.083855,4.766826,3.303181,True,0.589613
sortedness,0.6,I,8,139.676494,1.862601,1.290693,True,0.59905
sortedness,0.6,Q,8,161.082033,2.890427,2.002927,True,0.59905
sortedness,0.6,M,8,141.3769,2.167388,1.501895,True,0.59905
sortedness,0.6,H,8,143.266977,1.833504,1.27053,True,0.59905
sortedness,0.6,R,8,152.318396,8.533242,5.913127,True,0.59905
sortedness,0.61,I,8,143.563689,9.110165,6.312906,True,0.607413
sortedness,0.61,Q,8,168.434916,5.553148,3.848065,True,0.607413
sortedness,0.61,M,8,143.953628,6.628594,4.593297,True,0.607413
sortedness,0.61,H,8,143.572057,5.136155,3.559108,True,0.607413
sortedness,0.61,R,8,150.981252,4.592624,3.182468,True,0.607413
sortedness,0.62,I,8,144.054956,5.302332,3.674261,True,0.62135
sortedness,0.62,Q,8,170.588494,5.809664,4.025818,True,0.62135
sortedness,0.62,M,8,142.732698,4.250973,2.94572,True,0.62135
sortedness,0.62,H,8,149.151078,7.679948,5.321835,True,0.62135
sortedness,0.62,R,8,155.448737,10.949835,7.587709,True,0.62135
sortedness,0.63,I,8,140.023933,3.751671,2.599728,True,0.629238
sortedness,0.63,Q,8,165.065059,5.564693,3.856064,True,0.629238
sortedness,0.63,M,8,140.720467,7.015675,4.861526,True,0.629238
sortedness,0.63,H,8,142.306015,2.610239,1.80877,True,0.629238
sortedness,0.63,R,8,149.142686,5.919462,4.101902,True,0.629238
sortedness,0.64,I,8,146.489759,8.01774,5.555908,True,0.639537
sortedness,0.64,Q,8,176.301975,9.109149,6.312202,True,0.639537
sortedness,0.64,M,8,144.727706,5.081763,3.521417,True,0.639537
sortedness,0.64,H,8,148.762594,6.161248,4.269448,True,0.639537
sortedness,0.64,R,8,158.993023,9.545537,6.614598,True,0.639537
sortedness,0.65,I,8,142.570531,6.714834,4.653057,True,0.651013
sortedness,0.65,Q,8,178.298366,11.406208,7.903954,True,0.651013
sortedness,0.65,M,8,144.383328,6.994265,4.84669,True,0.651013
sortedness,0.65,H,8,144.512273,5.074489,3.516377,True,0.651013
sortedness,0.65,R,8,149.692553,5.396566,3.73956,True,0.651013
sortedness,0.66,I,8,142.609546,4.751888,3.29283,True,0.659625
sortedness,0.66,Q,8,176.586053,4.073676,2.822862,True,0.659625
sortedness,0.66,M,8,146.495374,8.93872,6.194103,True,0.659625
sortedness,0.66,H,8,146.094923,5.825511,4.036799,True,0.659625
sortedness,0.66,R,8,149.297581,2.29237,1.588502,True,0.659625
sortedness,0.67,I,8,137.191884,4.441035,3.077424,True,0.670238
sortedness,0.67,Q,8,173.989905,4.272255,2.960467,True,0.670238
sortedness,0.67,M,8,140.508641,4.614232,3.197441,True,0.670238
sortedness,0.67,H,8,143.042472,4.987229,3.45591,True,0.670238
sortedness,0.67,R,8,149.737224,5.581924,3.868005,True,0.670238
sortedness,0.68,I,8,136.897001,2.242985,1.554281,True,0.68055
sortedness,0.68,Q,8,174.648546,4.178753,2.895675,True,0.68055
sortedness,0.68,M,8,142.172174,3.784025,2.622147,True,0.68055
sortedness,0.68,H,8,142.262923,3.371383,2.336206,True,0.68055
sortedness,0.68,R,8,148.37449,4.457505,3.088837,True,0.68055
sortedness,0.69,I,8,139.04633,3.625427,2.512247,True,0.690875
sortedness,0.69,Q,8,175.576113,3.198274,2.21625,True,0.690875
sortedness,0.69,M,8,139.877394,1.788779,1.239538,True,0.690875
sortedness,0.69,H,8,140.722517,2.388181,1.654895,True,0.690875
sortedness,0.69,R,8,147.588943,3.39559,2.35298,True,0.690875
sortedness,0.7,I,10,144.602756,10.500736,6.508304,True,0.69962
sortedness,0.7,Q,10,178.629309,5.202349,3.22439,True,0.69962
sortedness,0.7,M,10,140.304178,5.299826,3.284806,True,0.69962
sortedness,0.7,H,10,147.083779,9.234766,5.723662,True,0.69962
sortedness,0.7,R,10,148.003603,6.02083,3.73168,True,0.69962
sortedness,0.71,I,8,143.79866,8.087539,5.604276,True,0.7111
sortedness,0.71,Q,8,187.445679,8.281757,5.73886,True,0.7111
sortedness,0.71,M,8,143.671792,4.18144,2.897537,True,0.7111
sortedness,0.71,H,8,144.648895,2.908127,2.015192,True,0.7111
sortedness,0.71,R,8,152.202326,5.768172,3.997066,True,0.7111
sortedness,0.72,I,40,139.640371,6.400037,1.983356,True,0.721072
sortedness,0.72,Q,40,181.722851,6.32449,1.959944,True,0.721072
sortedness,0.72,M,40,142.264246,6.801099,2.107644,True,0.721072
sortedness,0.72,H,40,151.113555,42.274789,13.100852,False,0.721072
sortedness,0.72,R,40,150.303212,7.911948,2.451893,True,0.721072
sortedness,0.73,I,8,143.372606,5.583788,3.869297,True,0.729038
sortedness,0.73,Q,8,189.087242,8.847356,6.130792,True,0.729038
sortedness,0.73,M,8,143.584337,5.920063,4.102319,True,0.729038
sortedness,0.73,H,8,143.01679,4.973445,3.446358,True,0.729038
sortedness,0.73,R,8,151.493848,3.904628,2.705719,True,0.729038
sortedness,0.74,I,8,139.233522,3.992466,2.766587,True,0.740237
sortedness,0.74,Q,8,182.553367,5.908391,4.094231,True,0.740237
sortedness,0.74,M,8,139.830374,3.929793,2.723158,True,0.740237
sortedness,0.74,H,8,141.591826,2.75595,1.909741,True,0.740237
sortedness,0.74,R,8,146.390483,4.30666,2.984308,True,0.740237
sortedness,0.75,I,8,136.042335,3.262023,2.260425,True,0.750687
sortedness,0.75,Q,8,184.602497,5.828088,4.038585,True,0.750687
sortedness,0.75,M,8,137.734822,2.172618,1.50552,True,0.750687
sortedness,0.75,H,8,142.026145,3.893431,2.69796,True,0.750687
sortedness,0.75,R,8,148.912364,4.236939,2.935995,True,0.750687
sortedness,0.76,I,8,138.127795,6.512102,4.512574,True,0.759613
sortedness,0.76,Q,8,184.701625,6.652499,4.609862,True,0.759613
sortedness,0.76,M,8,139.181525,5.216098,3.614505,True,0.759613
sortedness,0.76,H,8,141.057079,7.037139,4.876399,True,0.759613
sortedness,0.76,R,8,147.612299,4.799873,3.326081,True,0.759613
sortedness,0.77,I,9,137.849259,5.255806,3.43373,True,0.769622
sortedness,0.77,Q,9,186.097766,6.867989,4.487004,True,0.769622
sortedness,0.77,M,9,136.458657,2.200204,1.43744,True,0.769622
sortedness,0.77,H,9,140.697827,3.953228,2.582728,True,0.769622
sortedness,0.77,R,9,148.167468,10.341066,6.756039,True,0.769622
sortedness,0.78,I,8,141.353256,6.448045,4.468185,True,0.776888
sortedness,0.78,Q,8,192.381553,7.410962,5.13544,True,0.776888
sortedness,0.78,M,8,143.781608,7.255816,5.027931,True,0.776888
sortedness,0.78,H,8,143.317559,3.881064,2.689391,True,0.776888
sortedness,0.78,R,8,151.577843,5.600271,3.880718,True,0.776888
sortedness,0.79,I,8,139.666343,6.230687,4.317567,True,0.789312
sortedness,0.79,Q,8,192.676894,8.668426,6.006802,True,0.789312
sortedness,0.79,M,8,141.941621,5.628267,3.900118,True,0.789312
sortedness,0.79,H,8,142.588487,2.766554,1.917089,True,0.789312
sortedness,0.79,R,8,149.586676,3.203608,2.219946,True,0.789312
sortedness,0.8,I,13,139.351106,12.125517,6.591385,True,0.7997
sortedness,0.8,Q,13,192.070507,5.908625,3.211906,True,0.7997
sortedness,0.8,M,13,138.033843,3.441295,1.870675,True,0.7997
sortedness,0.8,H,13,139.510987,2.896737,1.574655,True,0.7997
sortedness,0.8,R,13,149.03936,5.699371,3.098156,True,0.7997
sortedness,0.81,I,8,139.487183,6.989299,4.843248,True,0.810775
sortedness,0.81,Q,8,191.967243,3.58696,2.485591,True,0.810775
sortedness,0.81,M,8,139.437937,8.656308,5.998405,True,0.810775
sortedness,0.81,H,8,141.082827,5.359471,3.713856,True,0.810775
sortedness,0.81,R,8,148.402329,5.180666,3.589952,True,0.810775
sortedness,0.82,I,8,139.037774,3.570438,2.474142,True,0.819837
sortedness,0.82,Q,8,200.578955,5.736008,3.974778,True,0.819837
sortedness,0.82,M,8,143.882748,6.371814,4.415361,True,0.819837
sortedness,0.82,H,8,145.322975,6.563225,4.547999,True,0.819837
sortedness,0.82,R,8,152.964441,7.510455,5.204384,True,0.819837
sortedness,0.83,I,8,138.025424,4.61171,3.195694,True,0.8318
sortedness,0.83,Q,8,198.308869,2.679004,1.856421,True,0.8318
sortedness,0.83,M,8,143.085025,4.166657,2.887293,True,0.8318
sortedness,0.83,H,8,144.651518,4.650575,3.222625,True,0.8318
sortedness,0.83,R,8,154.03174,5.633464,3.903719,True,0.8318
sortedness,0.84,I,8,139.040857,6.564978,4.549214,True,0.83845
sortedness,0.84,Q,8,201.081382,5.95588,4.127138,True,0.83845
sortedness,0.84,M,8,140.579349,5.834468,4.043006,True,0.83845
sortedness,0.84,H,8,138.85569,2.237498,1.550479,True,0.83845
sortedness,0.84,R,8,145.728501,2.736316,1.896135,True,0.83845
sortedness,0.85,I,8,136.937489,5.913515,4.097782,True,0.848613
sortedness,0.85,Q,8,199.132029,8.780924,6.084758,True,0.848613
sortedness,0.85,M,8,139.070635,3.837342,2.659094,True,0.848613
sortedness,0.85,H,8,140.892113,1.900733,1.317117,True,0.848613
sortedness,0.85,R,8,146.43582,4.620688,3.201914,True,0.848613
sortedness,0.86,I,8,141.173906,5.186396,3.593923,True,0.860813
sortedness,0.86,Q,8,201.22717,5.939242,4.115609,True,0.860813
sortedness,0.86,M,8,143.224205,8.547181,5.922785,True,0.860813
sortedness,0.86,H,8,141.331394,6.598972,4.57277,True,0.860813
sortedness,0.86,R,8,155.70512,8.503113,5.892248,True,0.860813
sortedness,0.87,I,8,146.321542,6.6433,4.603488,True,0.870575
sortedness,0.87,Q,8,210.34834,7.36908,5.106418,True,0.870575
sortedness,0.87,M,8,146.810785,6.193109,4.291527,True,0.870575
sortedness,0.87,H,8,156.480664,9.152576,6.342295,True,0.870575
sortedness,0.87,R,8,157.36753,6.429606,4.455408,True,0.870575
sortedness,0.88,I,8,150.487721,9.965583,6.90567,True,0.880688
sortedness,0.88,Q,8,212.532213,7.208154,4.994904,True,0.880688
sortedness,0.88,M,8,147.063865,6.419602,4.448476,True,0.880688
sortedness,0.88,H,8,148.621525,6.100246,4.227177,True,0.880688
sortedness,0.88,R,8,162.48827,10.807377,7.488993,True,0.880688
sortedness,0.89,I,8,145.869338,7.235471,5.013834,True,0.88875
sortedness,0.89,Q,8,212.203792,8.267447,5.728943,True,0.88875
sortedness,0.89,M,8,142.849486,5.116583,3.545546,True,0.88875
sortedness,0.89,H,8,150.43232,7.01147,4.858612,True,0.88875
sortedness,0.89,R,8,153.289457,6.988488,4.842686,True,0.88875
sortedness,0.9,I,8,136.484537,3.854453,2.670951,True,0.8993
sortedness,0.9,Q,8,208.858599,10.814966,7.494251,True,0.8993
sortedness,0.9,M,8,137.66489,3.318477,2.299545,True,0.8993
sortedness,0.9,H,8,142.129088,5.718244,3.962468,True,0.8993
sortedness,0.9,R,8,148.256276,3.454976,2.394132,True,0.8993
sortedness,0.91,I,8,138.295834,5.590868,3.874203,True,0.9103
sortedness,0.91,Q,8,205.602728,2.162713,1.498656,True,0.9103
sortedness,0.91,M,8,138.877282,4.539684,3.145783,True,0.9103
sortedness,0.91,H,8,142.244945,4.884361,3.384627,True,0.9103
sortedness,0.91,R,8,149.309798,3.563435,2.469289,True,0.9103
sortedness,0.92,I,8,140.087999,5.709664,3.956522,True,0.92055
sortedness,0.92,Q,8,211.47553,4.647237,3.220312,True,0.92055
sortedness,0.92,M,8,139.89637,1.796564,1.244932,True,0.92055
sortedness,0.92,H,8,142.624581,4.316666,2.991242,True,0.92055
sortedness,0.92,R,8,152.944392,7.560598,5.239131,True,0.92055
sortedness,0.93,I,8,138.735041,5.608877,3.886682,True,0.931125
sortedness,0.93,Q,8,216.184802,7.027262,4.869554,True,0.931125
sortedness,0.93,M,8,141.239193,4.809842,3.332989,True,0.931125
sortedness,0.93,H,8,146.9608,8.197042,5.680156,True,0.931125
sortedness,0.93,R,8,150.478417,4.911753,3.403609,True,0.931125
sortedness,0.94,I,8,136.970708,2.652794,1.838259,True,0.938688
sortedness,0.94,Q,8,209.123233,3.936817,2.728025,True,0.938688
sortedness,0.94,M,8,135.776518,2.705042,1.874464,True,0.938688
sortedness,0.94,H,8,138.983291,4.934477,3.419355,True,0.938688
sortedness,0.94,R,8,146.043236,4.277099,2.963824,True,0.938688
sortedness,0.95,I,8,136.138204,2.289865,1.586766,True,0.951387
sortedness,0.95,Q,8,210.638299,6.297378,4.36378,True,0.951387
sortedness,0.95,M,8,140.784661,8.077832,5.597549,True,0.951387
sortedness,0.95,H,8,143.850312,9.975198,6.912332,True,0.951387
sortedness,0.95,R,8,150.218677,9.624987,6.669653,True,0.951387
sortedness,0.96,I,8,136.102807,4.292927,2.974792,True,0.961213
sortedness,0.96,Q,8,215.823623,7.203386,4.9916,True,0.961213
sortedness,0.96,M,8,136.783559,3.951062,2.737896,True,0.961213
sortedness,0.96,H,8,141.323653,4.141817,2.87008,True,0.961213
sortedness,0.96,R,8,148.769546,4.092569,2.835954,True,0.961213
sortedness,0.97,I,8,138.556515,3.639729,2.522157,True,0.9698
sortedness,0.97,Q,8,219.955883,6.418326,4.447591,True,0.9698
sortedness,0.97,M,8,138.602509,4.723198,3.272949,True,0.9698
sortedness,0.97,H,8,141.897497,4.603782,3.190199,True,0.9698
sortedness,0.97,R,8,150.346671,4.471151,3.098293,True,0.9698
sortedness,0.98,I,14,148.326339,9.252368,4.846597,True,0.979493
sortedness,0.98,Q,14,227.931266,6.372284,3.337945,True,0.979493
sortedness,0.98,M,14,145.332839,9.877351,5.173978,True,0.979493
sortedness,0.98,H,14,148.758057,7.486789,3.921748,True,0.979493
sortedness,0.98,R,14,163.507556,15.390198,8.06173,True,0.979493
sortedness,0.99,I,8,153.681035,6.707438,4.647932,True,0.989575
sortedness,0.99,Q,8,237.572213,10.714617,7.424714,True,0.989575
sortedness,0.99,M,8,152.063889,7.544206,5.227772,True,0.989575
sortedness,0.99,H,8,157.752779,5.27209,3.653305,True,0.989575
sortedness,0.99,R,8,163.326893,7.86537,5.450323,True,0.989575
sortedness,1.0,I,8,141.59344,6.496425,4.50171,True,0.9999
sortedness,1.0,Q,8,168.517207,6.695287,4.639512,True,0.9999
sortedness,1.0,M,8,136.235945,4.402817,3.05094,True,0.9999
sortedness,1.0,H,8,140.599051,6.656411,4.612573,True,0.9999
sortedness,1.0,R,8,149.964045,10.769218,7.46255,True,0.9999
array_size,100000,I,8,3543.927409,17.863909,12.37883,True,100000.0
array_size,100000,Q,8,329.703139,7.308523,5.064455,True,100000.0
array_size,100000,M,8,332.940818,4.697552,3.255178,True,100000.0
array_size,100000,H,8,340.283317,14.419132,9.991765,True,100000.0
array_size,100000,R,8,399.293914,10.978742,7.60774,True,100000.0
array_size,500000,I,8,10000.0,0.0,0.0,True,500000.0
array_size,500000,Q,8,1118.921352,16.757352,11.612039,True,500000.0
array_size,500000,M,8,1145.781951,18.803182,13.029701,True,500000.0
array_size,500000,H,8,1165.326009,29.736702,20.606104,True,500000.0
array_size,500000,R,8,1232.891526,20.980723,14.538632,True,500000.0
array_size,1000000,I,8,10000.0,0.0,0.0,True,1000000.0
array_size,1000000,Q,8,2075.378403,32.44602,22.483531,True,1000000.0
array_size,1000000,M,8,2141.46919,13.195262,9.143682,True,1000000.0
array_size,1000000,H,8,2205.993059,62.356388,43.209979,True,1000000.0
array_size,1000000,R,8,2240.916229,16.779426,11.627335,True,1000000.0
